Datetime,Water Level (m)
2026-09-22 12:00:00,0.7338299
2026-09-22 13:00:00,0.7701722
2026-09-22 14:00:00,0.67491645
2026-09-22 15:00:00,0.5167496
2026-09-22 16:00:00,0.2994318
2026-09-22 17:00:00,0.09639775
2026-09-22 18:00:00,-0.014844938
2026-09-22 19:00:00,-0.01216346
2026-09-22 20:00:00,0.104283765
2026-09-22 21:00:00,0.3356341
2026-09-22 22:00:00,0.59475446
2026-09-22 23:00:00,0.8365614
2026-09-23 00:00:00,1.0085977
2026-09-23 01:00:00,1.0619057
2026-09-23 02:00:00,0.9914078
2026-09-23 03:00:00,0.800684
2026-09-23 04:00:00,0.5258683
2026-09-23 05:00:00,0.25036305
2026-09-23 06:00:00,0.039256126
2026-09-23 07:00:00,-0.07269134
2026-09-23 08:00:00,-0.021442229
2026-09-23 09:00:00,0.15548469
2026-09-23 10:00:00,0.41953322
2026-09-23 11:00:00,0.68841773
2026-09-23 12:00:00,0.8933213
2026-09-23 13:00:00,0.99018043
2026-09-23 14:00:00,0.94612604
2026-09-23 15:00:00,0.7811906
2026-09-23 16:00:00,0.51746136
2026-09-23 17:00:00,0.2220959
2026-09-23 18:00:00,0.010995634
2026-09-23 19:00:00,-0.08681407
2026-09-23 20:00:00,-0.035101887
2026-09-23 21:00:00,0.1722836
2026-09-23 22:00:00,0.48590264
2026-09-23 23:00:00,0.80739254
2026-09-24 00:00:00,1.0687135
2026-09-24 01:00:00,1.2152066
2026-09-24 02:00:00,1.1913265
2026-09-24 03:00:00,1.0082762
2026-09-24 04:00:00,0.70600337
2026-09-24 05:00:00,0.35526413
2026-09-24 06:00:00,0.050728943
2026-09-24 07:00:00,-0.1439134
2026-09-24 08:00:00,-0.18422598
2026-09-24 09:00:00,-0.03787779
2026-09-24 10:00:00,0.2373005
2026-09-24 11:00:00,0.5736117
2026-09-24 12:00:00,0.87724084
2026-09-24 13:00:00,1.0807686
2026-09-24 14:00:00,1.1198255
2026-09-24 15:00:00,0.9933761
2026-09-24 16:00:00,0.70928776
2026-09-24 17:00:00,0.34375292
2026-09-24 18:00:00,0.0107925385
2026-09-24 19:00:00,-0.21077618
2026-09-24 20:00:00,-0.26218808
2026-09-24 21:00:00,-0.1222221
2026-09-24 22:00:00,0.18366608
2026-09-24 23:00:00,0.5711473
2026-09-25 00:00:00,0.94687665
2026-09-25 01:00:00,1.220854
2026-09-25 02:00:00,1.3089972
2026-09-25 03:00:00,1.1877619
2026-09-25 04:00:00,0.90227395
2026-09-25 05:00:00,0.4909294
2026-09-25 06:00:00,0.071597226
2026-09-25 07:00:00,-0.23276547
2026-09-25 08:00:00,-0.36212513
2026-09-25 09:00:00,-0.28592697
2026-09-25 10:00:00,-0.025200402
2026-09-25 11:00:00,0.3439864
2026-09-25 12:00:00,0.7441169
2026-09-25 13:00:00,1.0452303
2026-09-25 14:00:00,1.1899427
2026-09-25 15:00:00,1.1424963
2026-09-25 16:00:00,0.90342027
2026-09-25 17:00:00,0.5271462
2026-09-25 18:00:00,0.102510326
2026-09-25 19:00:00,-0.24274085
2026-09-25 20:00:00,-0.43154827
2026-09-25 21:00:00,-0.40721285
2026-09-25 22:00:00,-0.1712986
2026-09-25 23:00:00,0.21317583
2026-09-26 00:00:00,0.6398705
2026-09-26 01:00:00,1.0102316
2026-09-26 02:00:00,1.2167902
2026-09-26 03:00:00,1.1984808
2026-09-26 04:00:00,0.9766981
2026-09-26 05:00:00,0.5931738
2026-09-26 06:00:00,0.13210063
2026-09-26 07:00:00,-0.28508916
2026-09-26 08:00:00,-0.52602035
2026-09-26 09:00:00,-0.5632167
2026-09-26 10:00:00,-0.36386514
2026-09-26 11:00:00,-0.0010948408
2026-09-26 12:00:00,0.4574586
2026-09-26 13:00:00,0.8953878
2026-09-26 14:00:00,1.1713303
2026-09-26 15:00:00,1.2478695
2026-09-26 16:00:00,1.0856302
2026-09-26 17:00:00,0.7526196
2026-09-26 18:00:00,0.29567978
2026-09-26 19:00:00,-0.13962781
2026-09-26 20:00:00,-0.44287035
2026-09-26 21:00:00,-0.5337096
2026-09-26 22:00:00,-0.398221
2026-09-26 23:00:00,-0.062488127
2026-09-27 00:00:00,0.37384275
2026-09-27 01:00:00,0.8307661
2026-09-27 02:00:00,1.1459988
2026-09-27 03:00:00,1.2563319
2026-09-27 04:00:00,1.1208612
2026-09-27 05:00:00,0.806987
2026-09-27 06:00:00,0.3377911
2026-09-27 07:00:00,-0.1469917
2026-09-27 08:00:00,-0.5113691
2026-09-27 09:00:00,-0.65273035
2026-09-27 10:00:00,-0.5734445
2026-09-27 11:00:00,-0.26228562
2026-09-27 12:00:00,0.19460878
2026-09-27 13:00:00,0.68681234
2026-09-27 14:00:00,1.0898511
2026-09-27 15:00:00,1.289481
2026-09-27 16:00:00,1.255969
2026-09-27 17:00:00,1.0032173
2026-09-27 18:00:00,0.58381665
2026-09-27 19:00:00,0.08881587
2026-09-27 20:00:00,-0.32345495
2026-09-27 21:00:00,-0.5473037
2026-09-27 22:00:00,-0.5419079
2026-09-27 23:00:00,-0.29878327
2026-09-28 00:00:00,0.087071404
2026-09-28 01:00:00,0.54936165
2026-09-28 02:00:00,0.9625892
2026-09-28 03:00:00,1.187781
2026-09-28 04:00:00,1.1831187
2026-09-28 05:00:00,0.9581952
2026-09-28 06:00:00,0.56300485
2026-09-28 07:00:00,0.06716142
2026-09-28 08:00:00,-0.38359627
2026-09-28 09:00:00,-0.6433081
2026-09-28 10:00:00,-0.69460416
2026-09-28 11:00:00,-0.49153903
2026-09-28 12:00:00,-0.104074195
